{
  "SNR0dB": {
    "SI_SDR_noisy": -0.001329188933596015,
    "SI_SDR_enh_ref": 2.3742706775665283,
    "SI_SDR_enh_ms": -0.05472799390554428,
    "SI_SDR_enh_ss": -0.02823767438530922,
    "SegSNR_noisy": 0.033877208828926086,
    "SegSNR_enh_ref": 3.993708610534668,
    "SegSNR_enh_ms": 0.04769998788833618,
    "SegSNR_enh_ss": 0.04090498760342598,
    "SI_SDR_impr_ref": 2.3755998665001243,
    "SI_SDR_impr_ms": -0.053398804971948266,
    "SI_SDR_impr_ss": -0.026908485451713204,
    "SegSNR_impr_ref": 3.959831401705742,
    "SegSNR_impr_ms": 0.013822779059410095,
    "SegSNR_impr_ss": 0.007027778774499893,
    "ref_PESQ_wb": null,
    "ref_STOI": null,
    "ms_PESQ_wb": null,
    "ms_STOI": null,
    "ss_PESQ_wb": null,
    "ss_STOI": null
  },
  "SNR5dB": {
    "SI_SDR_noisy": 4.999256610870361,
    "SI_SDR_enh_ref": 7.5246734619140625,
    "SI_SDR_enh_ms": 4.899094581604004,
    "SI_SDR_enh_ss": 4.948178768157959,
    "SegSNR_noisy": 5.033872604370117,
    "SegSNR_enh_ref": 8.198515892028809,
    "SegSNR_enh_ms": 5.0353169441223145,
    "SegSNR_enh_ss": 5.03598165512085,
    "SI_SDR_impr_ref": 2.525416851043701,
    "SI_SDR_impr_ms": -0.10016202926635742,
    "SI_SDR_impr_ss": -0.051077842712402344,
    "SegSNR_impr_ref": 3.1646432876586914,
    "SegSNR_impr_ms": 0.0014443397521972656,
    "SegSNR_impr_ss": 0.002109050750732422,
    "ref_PESQ_wb": null,
    "ref_STOI": null,
    "ms_PESQ_wb": null,
    "ms_STOI": null,
    "ss_PESQ_wb": null,
    "ss_STOI": null
  },
  "SNR10dB": {
    "SI_SDR_noisy": 9.999584197998047,
    "SI_SDR_enh_ref": 12.205663681030273,
    "SI_SDR_enh_ms": 9.846832275390625,
    "SI_SDR_enh_ss": 9.92686939239502,
    "SegSNR_noisy": 10.033859252929688,
    "SegSNR_enh_ref": 12.506357192993164,
    "SegSNR_enh_ms": 10.012615203857422,
    "SegSNR_enh_ss": 10.031131744384766,
    "SI_SDR_impr_ref": 2.2060794830322266,
    "SI_SDR_impr_ms": -0.15275192260742188,
    "SI_SDR_impr_ss": -0.07271480560302734,
    "SegSNR_impr_ref": 2.4724979400634766,
    "SegSNR_impr_ms": -0.021244049072265625,
    "SegSNR_impr_ss": -0.002727508544921875,
    "ref_PESQ_wb": null,
    "ref_STOI": null,
    "ms_PESQ_wb": null,
    "ms_STOI": null,
    "ss_PESQ_wb": null,
    "ss_STOI": null
  }
}